model,MAE,RMSE,params
KernelRidge(),83.07050801443808,110.2050964634934,"{'alpha': np.float64(0.004114360785858859), 'gamma': np.float64(12240.79487241552), 'kernel': 'polynomial'}"
KernelRidge(),93.50885848436945,122.17684434845405,"{'alpha': np.float64(0.007848333458616113), 'gamma': np.float64(95005.5827479323), 'kernel': 'polynomial'}"
KernelRidge(),80.12874745825009,107.30211714324473,"{'alpha': np.float64(0.00014606330621303628), 'gamma': np.float64(168.5295563099496), 'kernel': 'poly'}"
KernelRidge(),79.43613524268892,104.24744115835101,"{'alpha': np.float64(8.176656748975834e-05), 'gamma': np.float64(2531.76131230786), 'kernel': 'rbf'}"
KernelRidge(),80.12921678277205,107.69951492727543,"{'alpha': np.float64(9.675089552221809e-05), 'gamma': np.float64(29223.40717080043), 'kernel': 'rbf'}"
